"ASE Email Id","ASE Name","ASE Employee Code","ASE State","ASE City","AW Name","AW Code","AW State","AW City","AWSM Name","AWSM Code","AWSM State","AWSM City","Region","Status","Reason"
"pradeepks@britindia.com","pradeep kumar shivsahay shukla","1013372","GUJARAT","Ajod","VENUS ENTERPRISE","31077","GUJARAT","BARODA","Ajay Kumar Parmar","31077-3","GUJARAT","BARODA","WEST","Failure","DUPLICATE DATA EXIST"
"SELVAKUMARM@BRITINDIA.COM","SELVAKUMAR","1009667","NA","NA","HARE KRISHNA ENTERPRISES","37397","Tamil Nadu","cuddalore","VIGNESH","CTNS024105","Tamil Nadu","cuddalore","South 2","Failure","DUPLICATE DATA EXIST"
"pravinsuresh@britindia.com","PRAVIN UNMATE","1009911","Madhya Pradesh","INDORE","AJMERA PROVISION STORE","23905","Madhya Pradesh","BHOPAL","Akash choudhary","CMPS024109","Madhya Pradesh","BHOPAL","Central","Failure","DUPLICATE DATA EXIST"
"tlakesh@britindia.com","Lakesh Kumar","1011491","Telangana","Armoor","LAXMI AGENCIES","35387","Telangana","Husnabad","Kandukuri","CTLS024130","Telangana","Husnabad","South 1","Failure","DUPLICATE DATA EXIST"
"sukanthsagar@britindia.com","Sukanthsagar Sundar","1012623","NA","NA","SHANMUGA TRADERS","37428","Tamil Nadu","CHENGALPATTU","Vinoth Kumar","CTNS024129","Tamil Nadu","CHENGALPATTU","South 2","Failure","DUPLICATE DATA EXIST"
"divakars@britindia.com","DIWAKAR SEKAR","1012946","TAMILNADU","VILLUPURAM","RAJAM ENTERPRISES","1166","Tamil Nadu","VILLUPURAM","S DHAVAMANI","1166-16","Tamil Nadu","VILLUPURAM","South 2","Failure","DUPLICATE DATA EXIST"
"sukanthsagar@britindia.com","Sukanthsagar Sundar","1012623","NA","NA","SHANMUGA TRADERS","37428","Tamil Nadu","CHENGALPATTU","Sugumar","CTNS024131","Tamil Nadu","CHENGALPATTU","South 2","Failure","DUPLICATE DATA EXIST"
"sukanthsagar@britindia.com","SUKANTHSAGAR","1012623","TAMIL NADU","CHENNAI","SRI KAUSHIKA AGENCY","20397","Tamil Nadu","THIRUPORUR","Sugumar K","CTNS024127","Tamil Nadu","THIRUPORUR","South 2","Failure","DUPLICATE DATA EXIST"
"sukanthsagar@britindia.com","SUKANTHSAGAR","1012623","TAMIL NADU","CHENNAI","SRI KAUSHIKA AGENCY","20397","Tamil Nadu","THIRUPORUR","Vinoth Kumar","CTNS024126","Tamil Nadu","THIRUPORUR","South 2","Failure","DUPLICATE DATA EXIST"
"sukanthsagar@britindia.com","Sukanthsagar Sundar","1012623","NA","NA","SHANMUGA TRADERS","37428","Tamil Nadu","CHENGALPATTU","Kamalakannan D","CTNS024125","Tamil Nadu","CHENGALPATTU","South 2","Failure","DUPLICATE DATA EXIST"
"sunnyj@britindia.com","SUNNY JAISWAL","1012524","UTTAR PRADESH","Auraiya","M/S  MAA VINDHVASINI GENERAL STORE","36569","Uttar Pradesh","Auraiya","SACHIN KUMAR","CUPS024076","Uttar Pradesh","Auraiya","North 2","Failure","DUPLICATE DATA EXIST"
"sunnyj@britindia.com","SUNNY JAISWAL","1012524","UTTAR PRADESH","Auraiya","M/S  MAA VINDHVASINI GENERAL STORE","36569","Uttar Pradesh","Auraiya","SACHIN KUMAR","CUPS024078","Uttar Pradesh","Auraiya","North 2","Failure","DUPLICATE DATA EXIST"
"divakars@britindia.com","DIWAKAR SEKAR","1012946","TAMILNADU","VILLUPURAM","RAJAM ENTERPRISES","1166","Tamil Nadu","VILLUPURAM","Sureshbabu","1166-20","Tamil Nadu","VILLUPURAM","South 2","Failure","DUPLICATE DATA EXIST"
"ravik@britindia.com","Ravi Kumar","1011689","NA","NA","GYANTI KIRANA STOR","37181","Bihar","ARWAL","SUJIT KUMAR","CBRS024026","Bihar","ARWAL","Central","Failure","DUPLICATE DATA EXIST"
"rameshbabus@britindia.com","Rameshbabu","1008042","Telangana","Nolganda","SANJANA ENTERPRISES","25971","Telangana","BHADRACHALAM","SRINIVAS","CTLS024023","Telangana","BHADRACHALAM","South 1","Failure","DUPLICATE DATA EXIST"
"ramuchaubey@britindia.com","ramuchaubey@britindia.com","1013511","UTTAR PRADESH","Rae Bareli","MADHUR AGENCY","35548","UTTAR PRADESH","Rae Bareli","Vishnu","CUPS024099","Uttar Pradesh","Sitapur","NORTH","Failure","DUPLICATE DATA EXIST"
"bhawesht@britindia.com","Bhawesh Thakur","1012299","NA","NA","LAXMI TRADERS","37395","Jharkhand","DHANBAD","Pranay Raj","CJHS024025","Jharkhand","DHANBAD","Central","Failure","DUPLICATE DATA EXIST"
"NILESHN@BRITINDIA.COm","Nilesh Patil ","1012498","NA","NA","A R TRADERS","37388","Maharashtra","Kolhapur","Anil","CMHS024051","Maharashtra","Kolhapur","West","Failure","DUPLICATE DATA EXIST"
"mdimrana@britindia.com","MD Imran Akhtar","1012500","NA","NA","Rani Enterprises","37387","Bihar","Hasanpura","PRIYANSHU","CBRS024062","Bihar","Hasanpura","Central","Failure","DUPLICATE DATA EXIST"
"surajck@britindia.com","SURAJ KASHIKAR","1012673","MAHARASHTRA","YAVATMAL/WARDHA","NAMO TRADERS","37293","MAHARASHTRA","HINGANGHAT","JAYANT PADMAKAR THOTANGARE","CMHS01608","MAHARASHTRA","HINGANGHAT","WEST","Failure","DUPLICATE DATA EXIST"